geoid,state,statefp,district,id,A,B,C,D,E,F,G,H,J,K,L,M,T,X,Y,Z
101,AL,1,1,412601,98084,125925,23500,87000,105450,273000,351859,142950,249556,176750,2000,50100,74900,105782,207750,22000
102,AL,1,2,412394,124450,75600,30900,108750,39100,201550,77100,81380,52890,37191,1000,15600,47899,49800,116100,10461
103,AL,1,3,400341,112754,94312,42000,147849,56150,136140,30600,102900,36250,57250,10000,25750,72800,26850,120692,4000
104,AL,1,4,400004,196587,49897,53597,130645,70244,133347,84094,66544,22048,80484,22000,37500,75946,11445,88134,5500
105,AL,1,5,412395,21465,21450,33450,145500,26500,56900,20210,53000,12000,33010,0,15360,14100,34418,90870,4000
106,AL,1,6,400010,0,-1000,29500,1000,0,144000,27100,3000,9500,30250,0,2055,26676,0,0,0
107,AL,1,7,412396,58448,65550,41740,36750,60750,505520,75905,81050,49500,152957,119000,48500,51350,50148,61884,15969
200,AK,2,0,400440,10350,50750,34690,9000,84000,48688,137900,15750,24061,80663,79500,4000,52150,18400,52026,1000
401,AZ,4,1,412286,44000,26050,43760,7950,61703,157033,116861,181524,1534231,183815,311700,5700,80569,266694,125792,4555984
402,AZ,4,2,412502,55050,35130,99225,101428,53900,230933,179898,360499,2115083,164074,275500,7708,20800,333233,258677,2963942
403,AZ,4,3,400162,22650,5000,15950,-2000,10800,41250,53514,28400,38358,45592,147250,3700,5250,26691,29650,21824
404,AZ,4,4,412397,24499,12766,3000,8250,57350,24550,54902,154300,26500,21550,0,1250,15000,10250,38725,3000
405,AZ,4,5,400606,8200,28400,54100,39050,76050,92250,76350,130100,97720,70311,1000,14450,55467,34950,69429,12506
406,AZ,4,6,412399,3800,15050,26500,20000,35350,164150,68802,63550,53111,44834,1500,31850,23900,78300,49428,160000
407,AZ,4,7,400310,3000,14500,18500,29000,27000,5500,23200,0,2010,27750,67500,4000,39000,6750,4450,2500
408,AZ,4,8,400141,6300,14950,46850,54350,35700,44400,34767,22250,43670,24873,0,4000,9750,14901,37100,3000
409,AZ,4,9,412509,28500,33451,113426,36900,50689,937532,132101,286668,962991,321064,245000,15248,31750,246354,275558,912332
501,AR,5,1,412400,223916,26750,24300,0,25800,88612,82300,64147,45615,15507,3250,14750,72918,21750,85148,22000
502,AR,5,2,412401,20600,16750,13000,15000,70450,148250,61980,99738,38838,29150,0,9999,23600,12152,-47585,18929
503,AR,5,3,412402,65740,33750,36500,87426,30000,115319,204256,37980,49000,28977,5000,26248,50850,35325,72975,8000
504,AR,5,4,412508,345997,375067,281417,69150,677944,2555379,923698,913368,17468801,493614,1098405,236350,262693,1257432,1179243,6613949
601,CA,6,1,412510,242719,19450,8000,4000,56550,69450,95973,10600,38000,5200,2000,4226,31250,7450,66650,4286
602,CA,6,2,412511,45747,3750,32200,0,25950,69880,98819,80958,48430,61959,154538,10000,5750,73850,104316,3140
603,CA,6,3,412382,106999,57220,38350,60000,25500,129272,76726,65562,85321,80986,283996,11250,105377,25390,200053,22224
604,CA,6,4,412295,56175,43025,40650,9745,76550,138924,61900,31800,155536,13801,0,1500,16850,171286,104025,15350
605,CA,6,5,400403,77668,18800,49500,49000,78749,348874,318641,325525,43698,82250,101816,16500,22275,45695,120587,4508
606,CA,6,6,400663,36700,16000,189260,24000,63499,90700,62273,192550,10210,112193,109076,18500,17000,27345,50250,9464
607,CA,6,7,412512,45250,33701,172790,33700,36250,389304,144874,1067881,2677856,167731,266316,34548,60904,467352,408577,4087749
608,CA,6,8,412513,4150,86650,26000,59400,37700,64400,96950,55850,89800,29745,116209,4500,36200,20280,44800,7000
609,CA,6,9,412189,5350,33500,94600,8250,62981,112736,50395,111740,54267,93273,191576,12250,10000,155404,110730,16328
610,CA,6,10,412403,620836,154558,67500,7750,113546,272877,290824,125499,370677,112750,52000,20596,253209,27800,262549,64384
611,CA,6,11,400278,6500,9125,11600,1000,3350,44084,31200,15350,15015,34797,167475,5350,9000,30275,23875,1900
612,CA,6,12,400314,14000,26050,216845,45000,16500,353550,150450,322600,220925,127750,289001,20800,48400,151371,47350,345627
613,CA,6,13,400237,3000,6500,35625,3500,10750,101050,98350,101325,72663,76950,153175,11250,6150,75350,148625,34662
614,CA,6,14,412259,0,3100,36680,20000,10750,149970,77757,198161,36410,66100,99250,8250,36971,104715,167880,7356
615,CA,6,15,412514,27200,73400,115655,16500,60275,259838,184815,213051,92850,168038,197576,40604,38650,79424,327008,41177
616,CA,6,16,400618,427450,62035,37600,4000,153499,105796,149250,65776,55986,72000,97326,21500,32850,32335,148380,22400
617,CA,6,17,400185,15300,37299,175720,26050,32350,273523,170545,261780,734045,207579,259231,51992,41575,333132,620974,208686
618,CA,6,18,400124,1000,12550,342683,24500,33450,209022,59452,361637,39520,109625,57601,15500,33450,102250,82550,234554
619,CA,6,19,400245,42050,7250,270800,15700,12500,184332,58910,47750,26810,123500,69600,6800,40850,90380,103700,4200
620,CA,6,20,400129,154181,8600,11550,5500,30700,34250,60715,70320,36010,32450,77576,4500,62032,49301,62216,4551
621,CA,6,21,412515,796943,74142,49635,32000,136799,168296,518516,109150,391533,40950,120172,29150,77450,61350,311143,160436
622,CA,6,22,400297,397646,56000,101485,64500,146849,419550,245450,284550,39584,92175,0,57548,69718,14371,108575,6500
623,CA,6,23,412190,419100,202400,366693,77050,535260,1528694,565932,674379,225785,305050,18370,108000,231050,139350,565175,380925
624,CA,6,24,400062,25200,8910,161850,19750,17550,112168,68509,438265,454317,101700,181296,11848,7250,230214,141751,264150
625,CA,6,25,400267,3750,15750,23900,165500,16850,26600,31450,20350,17500,27396,16000,5155,41300,3750,37475,6000
626,CA,6,26,412516,38025,17715,141150,19750,14350,193772,101159,178820,2183792,162780,314776,33056,15850,297080,234289,1255350
627,CA,6,27,412379,18000,9850,88840,7000,14100,106475,47000,82418,20560,67040,158076,21400,19800,43311,364096,14270
628,CA,6,28,400361,0,12750,82550,46000,2000,119250,52100,75900,50185,110793,113476,32450,25200,43700,76000,11500
629,CA,6,29,412517,16750,41850,83233,7500,26750,163702,218031,94816,87766,51948,107576,15000,33026,22800,130804,133954
630,CA,6,30,400371,18675,22550,98550,29000,4000,373960,70256,106650,114660,71625,180001,31750,18630,59398,134425,20132
631,CA,6,31,400277,4100,49700,17477,3500,14032,137463,22366,24800,282127,19113,14500,8555,45400,4972,34788,137136
632,CA,6,32,400290,10500,13500,15000,6500,19750,18800,30526,9500,2010,34750,88326,2500,53000,6100,22400,11627
633,CA,6,33,400425,8000,8700,163050,11000,21700,60950,24100,182850,63130,67272,58500,1000,1000,16900,55350,21300
634,CA,6,34,400021,26500,49304,140721,40000,35750,429792,155500,333420,61760,133333,155000,24500,60310,28700,135150,65491
635,CA,6,35,412518,12000,1000,5000,0,6500,13750,12750,13050,11050,5350,35000,2604,3750,1950,4450,5400
636,CA,6,36,412519,21300,33750,119518,13700,21800,285872,212046,936651,520107,166219,242951,12948,31700,234943,415186,325360
637,CA,6,37,412404,9000,8400,228249,16500,23250,111725,81650,86505,5110,98650,141326,20700,18000,52325,85375,6599
638,CA,6,38,400355,22000,4000,56050,30250,28000,271500,92896,192626,33660,130526,223576,29500,38250,21300,52265,25225
639,CA,6,39,400348,6400,87750,81550,56000,130650,1000118,125563,175651,288191,157324,3000,61704,59370,227352,573548,59350
640,CA,6,40,400347,16000,8750,9500,11250,16764,49000,34542,65748,6110,36736,148100,12150,13250,15150,43063,5750
641,CA,6,41,412520,22200,23500,74500,10850,3000,122991,58990,89112,114872,126043,176076,13504,11400,124959,141180,128411
642,CA,6,42,400057,89100,92525,44300,115100,111000,84150,152872,36875,86050,90846,16500,40382,67450,22250,126273,8500
643,CA,6,43,400422,500,4250,25100,13000,13400,433232,53950,22550,48760,62000,81250,9000,20853,22250,69725,78897
644,CA,6,44,412498,17000,22500,14000,10000,16500,47450,43400,28150,10310,58761,205251,12000,119500,7425,62625,24934
645,CA,6,45,412011,0,3900,9100,3000,2000,116600,6802,5804,1000,4850,0,2000,8600,6250,22650,0
646,CA,6,46,400356,30400,47733,73500,100850,19600,119340,85416,118666,66632,148929,187700,8156,52900,42740,154988,249664
647,CA,6,47,412521,17000,7400,25450,16200,23000,55425,40850,59548,43777,37275,231676,8915,42600,34420,109541,64975
648,CA,6,48,400343,1050,11550,24500,3050,23600,159132,46651,55800,31020,42650,0,30700,32200,88600,226915,11000
649,CA,6,49,400196,59575,125225,180630,54375,124700,347177,189578,166514,194359,125375,0,46491,83775,264110,247940,6000
650,CA,6,50,412283,35500,56600,55300,191865,64900,98700,81550,57050,41150,64014,59000,41500,244550,16700,82650,9000
651,CA,6,51,412522,28500,9000,31750,44000,32500,225502,91032,110050,10531,18500,108000,8104,14100,-250,25700,48600
652,CA,6,52,412523,4000,14000,199775,126348,68650,451100,167962,351444,1224612,283220,244751,18458,26800,275641,393419,3349037
653,CA,6,53,400097,17000,7500,38600,63750,9450,51600,54100,51925,32171,19700,61101,4500,7500,50000,34200,13500
801,CO,8,1,400101,38550,1000,113710,6000,18000,63000,42258,243799,124769,71646,101250,5500,18950,45000,47129,61014
802,CO,8,2,412308,5000,1250,53298,500,6200,166930,57266,37880,42722,48550,500,10400,5100,111800,146503,870415
803,CO,8,3,412405,128300,51038,41800,17000,217688,174150,73566,57650,57800,38450,0,22550,53550,155652,99600,10453
804,CO,8,4,412406,486049,388140,472584,37900,1155230,1977454,2128380,540151,24865456,404230,3637740,267155,235490,1457082,1271518,7908693
805,CO,8,5,412191,25500,11500,15000,81500,81850,65000,15000,25726,71053,12750,0,1250,18000,23900,21223,0
806,CO,8,6,412271,74398,135038,153437,97800,469986,690546,679170,302150,2737131,157791,95099,46050,130614,560047,378683,2067349
807,CO,8,7,412192,41100,45200,55822,46200,61400,717060,88691,102750,45210,183359,183822,28500,33200,103788,125784,17800
901,CT,9,1,400233,34000,24400,63880,66550,32100,584179,160030,238538,12410,102054,161500,50700,62200,39050,142550,17974
902,CT,9,2,412193,63200,23000,23000,152400,25750,155000,70925,154679,25165,107087,238000,8500,30700,60900,85261,38049
903,CT,9,3,400103,16000,19950,18510,28000,5000,61050,56095,184648,289911,114305,242000,18500,12850,44328,72842,139102
904,CT,9,4,412282,6200,25150,70250,29000,29000,1151119,154147,147550,36510,150536,100250,58300,30500,240720,339774,86074
905,CT,9,5,412524,22530,43050,90280,4500,8166,328850,143467,234457,515456,286533,252689,20950,100569,244710,227849,360077
1000,DE,10,0,412407,250,14450,22750,19275,19750,617878,52859,98158,13600,123850,54000,27620,4800,26190,37881,64085
1198,DC,11,0,400295,0,26050,8150,2500,8250,91300,6750,10213,5500,26350,161250,0,30500,4500,41290,4000
1201,FL,12,1,400279,6000,14276,16750,132100,27600,81300,34200,108700,28475,29734,0,4250,27950,24400,51479,9994
1202,FL,12,2,412408,215000,97109,39750,19640,140800,512139,212764,241890,2798724,74400,134759,19400,206891,162079,356555,3326160
1203,FL,12,3,412525,152679,55933,11100,15000,15100,51416,50217,27260,263126,16950,3000,21176,21000,53874,159020,7250
1204,FL,12,4,400086,24250,47300,62500,211318,40250,276862,71000,53300,46500,98920,3000,46100,100932,38050,119507,3000
1205,FL,12,5,400048,22200,31650,16800,2000,11000,43400,39100,25000,12300,63750,102000,6000,105675,6100,59616,11500
1206,FL,12,6,412526,27225,48650,88000,40050,44400,233890,101873,74509,64662,61022,1000,30950,37450,97575,73267,11100
1207,FL,12,7,400273,24000,66850,25200,26500,48500,78000,66050,46750,18275,45350,15500,11500,188400,20300,94699,3500
1208,FL,12,8,412309,67662,44200,12850,79600,24600,257130,65821,85254,35119,48500,11000,5250,47000,99142,126825,7500
1209,FL,12,9,412276,17000,5600,54677,8500,2500,76617,36250,59999,61529,51050,186000,7250,5650,115632,90453,180386
1210,FL,12,10,412410,56200,79350,38850,5000,24650,151125,81791,74700,53060,43491,9000,26900,75800,85314,101147,24816
1211,FL,12,11,412409,7650,3800,16250,29055,33450,42500,35450,48600,28250,3750,0,1250,13500,7000,19301,2750
1212,FL,12,12,412250,13000,15750,62750,21300,68500,134147,86191,310316,21450,59235,2000,37700,59950,25365,87592,2800
1213,FL,12,13,412603,23417,69250,33950,96025,46800,319124,847741,91550,1910883,114349,58261,60806,61850,153941,241681,2600281
1214,FL,12,14,412195,24350,19500,74500,12000,10500,60200,41750,112741,14960,50943,79500,8000,28500,24300,72747,3510
1215,FL,12,15,412411,57860,39124,33700,11000,57750,648266,120500,66420,42815,57751,1000,7000,27250,27324,63052,70000
1216,FL,12,16,412196,41600,81352,54090,4000,16000,285700,237803,422674,18672,66750,2500,43049,93850,131525,195700,5472
1217,FL,12,17,412311,72450,12677,26250,69000,36750,117600,65919,20450,32100,32124,1000,16250,27000,17480,28284,6420
1218,FL,12,18,412527,30500,313600,82100,22000,68250,2002928,276904,279370,865286,382790,250439,44698,81250,365778,766918,591032
1219,FL,12,19,412604,1000,12148,4600,0,1750,82193,24900,23460,1049204,56518,0,18000,9521,177577,189131,26866
1220,FL,12,20,400170,46800,5405,41000,1000,10500,88000,41400,89800,50765,83360,95500,0,26200,20910,44003,24000
1221,FL,12,21,412385,6000,11250,117850,7000,13500,235537,74430,54350,118880,125833,91500,21000,11000,52318,86830,51720
1222,FL,12,22,412529,31950,14200,34650,4000,7600,155800,106813,73400,32860,118923,187500,5700,76470,108500,150471,52073
1223,FL,12,23,400623,28450,49850,50525,1000,15500,219135,131000,114426,55310,194525,-8500,14908,45800,205790,157446,112762
1224,FL,12,24,412412,20000,2000,17750,4000,7000,53250,31000,25750,11510,28350,145000,500,17000,3900,23425,7250
1225,FL,12,25,400108,51282,57100,45350,52500,20000,126723,82896,39250,80532,64500,107000,23000,94000,3550,59030,1250
1226,FL,12,26,412530,67029,117144,185073,6500,32750,478045,253807,274619,1336483,481403,232440,32943,104461,244866,570665,3996309
1227,FL,12,27,400344,6500,34350,72300,27200,5500,127300,55896,62850,219828,56820,97500,33400,41600,44770,135300,18018
1301,GA,13,1,400221,636772,234269,127439,148600,149067,958099,2022160,571438,2686958,532175,15500,150629,242673,545650,1358082,50700
1302,GA,13,2,400030,162250,23800,59350,48250,47500,130690,126338,82750,40070,87294,157800,36750,49850,22600,113080,21138
1303,GA,13,3,400627,26100,56700,30750,37500,35550,338790,111500,38100,-16400,37665,20000,39905,57749,37600,109200,-5000
1304,GA,13,4,412199,21000,4000,74600,24500,9500,77100,56350,42250,46260,51573,149500,8000,13000,11900,15550,27844
1305,GA,13,5,400240,13500,5250,35600,14000,10750,142900,74100,88974,40910,37300,141000,16500,31550,27300,27850,29618
1306,GA,13,6,400626,17901,65776,76725,39000,57250,516095,153950,736598,24943,64524,0,44100,51300,120250,186557,2000
1307,GA,13,7,412416,1500,44700,33750,12000,39450,102345,56800,43850,20618,20000,2000,20000,37200,6900,43850,4000
1308,GA,13,8,412417,174800,21650,28750,72134,28100,143690,100450,89050,25335,21650,2000,18300,50550,42550,103350,7085
1309,GA,13,9,412531,37400,43450,71000,18500,46250,115050,83441,66650,61625,45750,2000,26200,50950,31818,92430,2500
1310,GA,13,10,412252,35199,34376,21250,1000,47050,154813,77001,89806,177142,28700,1000,33800,28900,160402,165762,6700
1311,GA,13,11,400151,20150,62402,49428,12750,31050,205673,80350,549710,1203357,95574,0,58157,55550,193974,350125,15000
1312,GA,13,12,400628,142650,40300,203020,49500,284450,397794,209225,605953,1311405,481286,174500,87500,130100,138647,161192,3298399
1313,GA,13,13,400363,83249,14100,27200,13000,17400,405510,71250,102000,61210,21500,120600,1000,27900,10450,8800,50538
1314,GA,13,14,412388,56250,42800,42250,27500,39700,198950,78850,59850,33937,27300,5000,86550,72800,40000,117600,6000
1501,HI,15,1,412418,22950,125395,67250,54100,29650,298583,139100,134951,766940,163050,71826,16950,112013,315522,504872,166522
1502,HI,15,2,412532,15600,71552,93607,46350,31400,187044,77283,112711,129563,74157,153952,18002,91354,91129,261415,174738
1601,ID,16,1,412419,92150,36200,34550,9250,23850,61800,17518,10500,36840,27350,0,15900,20350,39900,75250,3500
1602,ID,16,2,400376,306592,135999,78550,84300,345637,558918,712750,625256,1959390,174346,33250,64924,52500,46450,155352,85250
1701,IL,17,1,400350,7500,2000,68000,1000,62000,29350,27000,35000,4510,23250,78500,5500,33500,2000,4050,9250
1702,IL,17,2,412595,43700,20975,19000,5250,18250,122722,52451,80650,1007297,68335,205766,8900,38250,46300,121352,31789
1703,IL,17,3,400630,12500,94950,11590,12000,14500,37600,111949,22800,36139,53430,157500,24500,158380,5300,83916,15000
1704,IL,17,4,400163,2000,10700,34100,0,3000,51940,16800,17000,10710,17250,54500,4500,1500,0,3599,27694
1705,IL,17,5,412331,10000,22837,36600,21000,8500,187701,76700,35450,40710,109406,69000,8000,110850,34010,94287,14014
1706,IL,17,6,412202,77939,102250,141660,51800,164050,867400,308867,491607,111050,149994,80000,149955,127200,123652,271725,31343
1707,IL,17,7,400093,18000,8750,24400,11000,24500,109050,69950,79950,17010,23750,91500,4500,22000,2720,34647,13114
1708,IL,17,8,412533,36000,15500,89609,112248,25000,257306,100800,250807,291754,177917,267750,36000,56310,122394,95289,104684
1709,IL,17,9,400360,2500,11175,26250,5000,8500,77725,66125,155144,183775,157825,146400,18700,9250,121101,75325,26493
1710,IL,17,10,412534,23700,16850,85100,23350,33325,605921,196298,224100,2035960,394266,240500,67506,25600,259374,506101,4116187
1711,IL,17,11,412257,24691,14500,78840,21300,48150,461888,67301,310100,240761,172759,187650,29204,12750,262832,179979,420809
1712,IL,17,12,412535,59950,28650,32700,69498,51950,129409,54305,73800,1250802,302044,279250,7000,48050,74073,137173,3608084
1713,IL,17,13,412536,312561,172306,58850,2250,261050,431045,417634,447522,567209,148081,128000,65947,252046,88300,245898,930752
1714,IL,17,14,412422,36908,50250,15270,32000,54000,500077,58707,57600,52498,30890,55000,24000,24750,31650,56900,2000
1715,IL,17,15,400373,132401,61000,129000,23500,345700,154450,113585,421006,31000,122250,64000,123555,109090,9340,51623,10500
1716,IL,17,16,412421,85490,65190,141513,52000,214600,269382,129079,191259,160970,79257,65000,99398,63100,75517,149430,8500
1717,IL,17,17,412537,121772,37925,56150,11700,65750,258554,115891,398606,796897,216801,297950,17308,154248,171114,229399,464892
1718,IL,17,18,412314,93822,101930,89580,42000,125900,739640,298595,355050,73372,77733,68180,72755,123400,107620,223694,4000
1801,IN,18,1,400417,1000,45000,14000,152550,71450,44900,23850,59050,7000,80594,179792,89200,45000,16600,73738,12154
1802,IN,18,2,412538,83076,77669,40000,126250,92140,204116,144499,174900,250221,47147,0,138700,86149,111136,220628,44437
1803,IN,18,3,412392,41850,34781,18250,30000,66600,456500,100509,93700,71959,40875,0,58505,33650,59850,164273,9412
1804,IN,18,4,412426,71420,98450,38950,14500,122250,178950,98200,154250,50409,120467,7500,56696,135300,41875,250074,2217
1805,IN,18,5,412539,20250,75400,77790,36500,70950,264900,116516,176176,118761,136825,10500,37694,50900,69000,270600,25521
1806,IN,18,6,412540,40700,90300,34450,10500,71400,316391,106950,123125,67091,84460,2000,49326,36045,40362,100200,3323
1807,IN,18,7,412258,9750,41150,26900,64750,15500,105200,43684,152930,45582,105371,183900,5250,92921,31500,116674,103010
1808,IN,18,8,412427,33750,111452,18650,5500,138750,116692,57650,196951,49993,41176,3500,50650,93905,23350,116946,20405
1809,IN,18,9,412428,27850,128500,46035,28500,128350,426149,276950,313600,83299,105404,500,52999,97750,122100,318936,7173
1901,IA,19,1,412208,168065,51950,202734,15500,75325,299050,143012,1230349,12931446,1728690,621807,26200,50400,318307,385811,8324849
1902,IA,19,2,412209,48250,38400,23150,63000,32000,142364,45250,207339,208693,80250,238667,23000,28350,115100,84652,1342218
1903,IA,19,3,400234,145900,39350,28777,50500,42276,104463,86258,87500,130276,46250,49500,31000,107100,11449,32036,36142
1904,IA,19,4,400220,221580,36476,34950,2450,55651,100120,86825,43200,281949,13850,58684,22000,50400,175960,173685,8700
2001,KS,20,1,412429,48775,29250,28976,0,79251,54700,43650,37050,299904,11700,3000,27000,49848,33800,75882,750
2002,KS,20,2,412284,104150,132550,72800,45000,194401,554513,219244,335451,406828,112350,2500,82849,182348,58800,171735,35417
2003,KS,20,3,412430,107050,158274,95185,33000,103951,529722,168686,153508,78749,126800,22000,77571,118091,55312,262511,6000
2004,KS,20,4,412431,73100,80900,165727,77850,520001,216800,203600,300100,518776,117577,2500,242750,118098,79650,265590,85007
2101,KY,21,1,400431,122300,48100,81000,27500,457550,98500,101285,341400,40700,114551,24000,75600,117700,14050,89801,19524
2102,KY,21,2,412278,89865,86549,152450,32500,135200,188400,150148,502532,17187,77700,13000,46905,76300,68395,123675,1500
2103,KY,21,3,412211,21700,8750,52290,6000,20500,70600,84944,86500,31147,37850,169250,29500,37500,72000,40454,3850
2104,KY,21,4,412503,20100,42850,25400,4000,44450,60125,36952,40110,63938,36800,2000,21850,102976,17250,60578,6500
2105,KY,21,5,400340,96900,75150,39500,162700,138600,91200,66950,91220,69480,101443,43500,53750,152050,20250,64850,4400
2106,KY,21,6,412541,157840,127966,28900,9000,297010,732623,340064,282887,144069,117975,1000,47275,97875,157820,256975,52935
2201,LA,22,1,412261,83150,140000,258900,47500,414524,434500,189494,318025,69568,147900,29500,53255,262449,16878,92400,5500
2202,LA,22,2,412432,40750,26100,99640,30500,109500,92795,87798,106448,53297,182567,168850,48000,119450,11860,80905,43954
2203,LA,22,3,400636,101910,73150,65850,48800,283050,411759,158625,425251,44475,109697,5000,64499,100349,52492,250810,12800
2204,LA,22,4,412275,74750,64477,25400,37500,206350,171721,79452,270237,61869,36900,0,6500,65900,57000,239775,2937
2205,LA,22,5,412599,45699,24050,10500,0,25173,13050,30650,28000,327172,17538,0,1000,6000,20699,59131,249800
2206,LA,22,6,412269,246200,452025,222425,4600,863653,1705268,923837,1788035,8216193,297485,331161,212150,427140,962716,1927637,6733163
2301,ME,23,1,412307,7500,8200,16450,8500,3500,45699,31300,23058,37067,14498,42639,0,1500,45872,34850,109133
2302,ME,23,2,400274,20000,6000,7000,1000,2000,19250,1500,29250,6000,9500,45777,6500,12850,2000,2000,3491
2401,MD,24,1,412434,39700,34600,10950,36019,69450,94243,68605,389162,48706,35100,3500,20248,55758,69415,121780,5500
2402,MD,24,2,400349,1750,30225,99050,173000,45550,113350,35750,97050,5760,80525,114850,29100,70050,12000,112680,12225
2403,MD,24,3,412212,1200,21050,18100,5000,8000,141600,46700,107555,3760,100264,-9000,17400,1950,145050,80750,2072
2404,MD,24,4,412263,4500,13400,12400,23700,8000,36150,29800,17450,41610,30900,182500,3500,97000,36950,10800,89749
2405,MD,24,5,400189,72880,97800,265650,123000,289750,792950,262201,523212,202010,259645,310015,84550,199000,112170,158850,128250
2406,MD,24,6,412544,15100,69535,26100,16000,54600,731069,74800,83050,17510,121000,96750,8599,38950,71900,199350,663611
2407,MD,24,7,400090,22000,20250,27500,11000,50650,62950,38500,100400,21060,44330,273900,6500,132200,13650,55594,60277
2408,MD,24,8,400415,6250,14500,73072,49500,15250,228600,51700,165950,31110,115868,155500,13000,65150,90700,80600,4798
2501,MA,25,1,400291,15000,61500,93000,54500,66000,680965,127031,255449,34310,120863,54125,51000,102870,3250,38400,66275
2502,MA,25,2,400263,23073,24850,18404,16250,17450,63154,63015,83100,40507,84100,91250,9554,52450,24604,52604,76238
2503,MA,25,3,412254,0,39200,36900,73750,6000,135300,72200,84800,63517,106000,98819,37350,2750,97300,168900,248882
2504,MA,25,4,412543,13200,45850,144593,33500,27950,750925,153100,259340,59310,412602,156389,18850,15750,94600,329589,61173
2505,MA,25,5,412600,500,20000,94600,21600,25350,251128,105055,197572,365154,242409,168500,14600,10000,169620,228617,137878
2506,MA,25,6,400407,5450,32850,40021,30500,11550,119025,73893,122725,254022,200321,238500,20698,18089,126881,123445,274435
2507,MA,25,7,400063,7300,44550,14700,8500,24800,325250,25822,61650,18650,60150,122000,3000,28250,13400,45500,76000
2508,MA,25,8,400249,500,220100,26900,10750,18550,400294,98650,106251,750836,271820,426675,13750,54250,128855,557915,864663
2509,MA,25,9,412435,30250,43540,29000,35750,15600,98060,70366,72550,97228,99695,243500,14750,15785,34285,112186,90325
2601,MI,26,1,412436,167813,43950,35577,13000,184305,202200,415350,539743,465447,51500,7000,52800,86100,62581,165156,730466
2602,MI,26,2,412437,45000,33550,20450,25700,36650,537180,83351,33200,73738,45626,0,116254,33000,50530,99101,7565
2603,MI,26,3,412438,13000,43460,40500,700,33750,146300,128284,70709,445584,34400,0,97465,42150,97458,262791,275154
2604,MI,26,4,400058,59200,52500,85500,28000,181899,438710,200700,528050,80725,138749,4500,103700,83750,9100,34390,76150
2605,MI,26,5,412546,43500,4450,13625,0,30050,224150,78950,75701,15245,64374,152500,18800,14800,15050,51996,44702
2606,MI,26,6,400414,118980,73700,422998,43500,570500,267218,252414,916245,2466321,284636,47500,146068,176794,134640,168972,92100
2607,MI,26,7,412213,48517,76700,36200,7000,129250,190640,159756,110150,286197,55520,0,134601,131074,80175,157942,50169
2608,MI,26,8,400342,23200,13950,109390,94900,87300,157300,34100,172850,2566,46300,0,42950,46700,15500,10450,5600
2609,MI,26,9,400238,30000,25400,54800,52000,60500,297019,97850,209420,61295,100792,204250,56950,47750,60800,13750,37700
2610,MI,26,10,400276,34557,27150,22000,13000,64500,112555,59150,29350,38312,35589,43500,22346,164300,7500,93939,910
2611,MI,26,11,412547,2500,21050,2050,3000,18850,65000,31050,13950,103888,7700,0,20750,31900,39100,61950,33650
2612,MI,26,12,400110,9000,600,47300,4000,52500,20900,29000,60250,8600,31445,69533,10400,18200,8600,6100,3950
2613,MI,26,13,400080,4000,0,183340,2000,16000,19400,85650,36750,67855,87742,161750,4500,27000,7600,22550,28689
2614,MI,26,14,412305,84900,85100,221070,38950,137550,2337721,427437,734415,11799343,952749,875067,161074,144650,537756,1043554,1550207
2701,MN,27,1,412214,113150,24250,29550,1000,36750,103750,91700,133605,55779,124930,207674,25900,42800,193383,80440,15621
2702,MN,27,2,400224,70251,142950,67650,65498,129600,427473,312193,393304,212255,130648,21000,94400,177100,113153,208151,12350
2703,MN,27,3,412303,89150,107100,115100,33250,74650,743504,266208,521489,123292,154729,4000,172398,140150,241435,295450,8000
2704,MN,27,4,400259,38500,6500,14250,41000,7750,59619,115450,79450,22337,65562,169374,32500,26100,67591,26087,5750
2705,MN,27,5,412215,16475,22300,32150,1750,5250,160050,69183,179216,62870,83330,168874,11236,8500,85116,207121,45646
2706,MN,27,6,412216,6800,7380,4750,2300,11400,26052,11182,6826,20176,2451,0,2750,1751,85617,13778,500
2707,MN,27,7,400316,570400,14000,23100,8000,76250,141899,140518,44983,692264,50811,163500,26500,24250,11800,36517,4807484
2708,MN,27,8,408211,62600,28200,15250,2000,37609,129698,84305,48050,1820677,116212,297624,13350,73705,140075,123915,3685839
2801,MS,28,1,412442,96300,55200,29700,43000,132300,131800,66900,106650,41200,59450,4000,23305,71300,31100,102950,3500
2802,MS,28,2,400402,73500,31500,83750,78500,66500,96700,98458,85000,7300,80919,221000,23500,127250,29100,70861,24229
2803,MS,28,3,412280,72300,64000,66000,52000,191100,164950,73550,148168,23000,76650,0,33300,72050,47150,172225,3275
2804,MS,28,4,412443,50400,76800,20250,149200,92950,149349,55300,37450,75066,51450,1000,2500,52000,26737,85300,19031
2901,MO,29,1,400074,13350,4500,25990,17500,12000,129500,40500,42250,12500,38055,136000,6500,37925,9550,16580,12700
2902,MO,29,2,412548,92150,68600,54710,55600,143200,799299,175052,177447,61842,114157,10500,101844,187000,96000,154151,4500
2903,MO,29,3,412292,107698,35750,38350,16250,51998,532081,93298,62700,39339,51850,0,48350,49848,52240,63488,500
2904,MO,29,4,412444,134100,33400,14950,62800,48400,120700,80152,66850,58794,40350,1000,30900,34400,53500,89100,6322
2905,MO,29,5,400639,18000,35350,42210,25500,16250,236700,40950,52050,42620,95900,190966,16100,18250,34750,47860,24000
2906,MO,29,6,400158,136151,122900,79350,17500,54750,114049,90950,85400,22072,29750,94000,50750,281200,8850,40400,500
2907,MO,29,7,412445,36172,48587,132220,21500,117650,158494,123823,166548,50767,44500,3500,42656,113050,48150,87100,10450
2908,MO,29,8,412596,180617,91450,108650,19999,112465,173002,115050,149550,169620,72850,0,46400,61298,60555,179502,43380
3000,MT,30,0,412549,379000,343550,219816,18100,663402,1261023,767414,236616,1075037,200352,21000,157583,327580,639011,668281,84166
3101,NE,31,1,400640,61900,15500,23900,34750,19300,157113,52162,84272,35800,37450,4500,18950,31998,29750,91837,2000
3102,NE,31,2,400400,99092,125850,268518,34250,268607,369541,237290,257428,857469,221825,57000,66250,212350,97322,177403,1057373
3103,NE,31,3,412217,146650,24650,35750,26000,53500,286650,94019,100100,22189,36850,0,21999,50930,11600,58300,0
3201,NV,32,1,412318,7000,36250,41100,0,33500,87100,103600,65970,61060,93611,193000,15500,88725,44450,139392,19643
3202,NV,32,2,412500,29300,44100,42600,20000,54500,56099,101100,33500,45000,54250,3000,4500,36950,33550,105525,8000
3203,NV,32,3,412446,8100,98509,61990,89748,80000,1124515,644844,773226,484333,72560,104684,42475,99508,111935,248896,143739
3204,NV,32,4,412559,24600,35850,88800,29000,59950,318344,168852,107150,1069679,147706,359537,16674,44500,72103,188745,243440
3301,NH,33,1,412219,8700,750,45072,0,7250,63950,34934,63149,2396290,21400,221120,2250,5500,159662,25950,3403329
3302,NH,33,2,412557,48750,21655,120940,34350,36700,309601,109193,219375,2974883,198249,247770,26406,17600,420100,218717,987799
3401,NJ,34,1,412606,14000,129700,29300,11600,56700,239056,75816,166400,888357,175446,382149,20700,35500,45299,412176,69050
3402,NJ,34,2,400244,26150,98550,19500,103550,98000,186901,112200,115316,410070,96795,343900,21300,307280,29200,242218,53300
3403,NJ,34,3,412449,17500,13400,6700,49400,21677,47350,20500,44850,23684,16850,52400,7850,9850,9500,23695,500
3404,NJ,34,4,400380,0,9900,12450,2000,7000,27750,13250,34375,47774,29900,77000,6100,1500,25100,30250,18500
3405,NJ,34,5,400145,3000,19150,44100,10500,60350,1170579,61040,48850,93173,76899,2000,11050,35730,71559,181605,21750
3406,NJ,34,6,400308,2500,23350,164900,6000,46838,183233,193933,704824,87314,243200,184000,71850,40250,49700,173334,4085075
3407,NJ,34,7,412290,9015,19100,79450,3000,60998,121020,76750,270122,69975,66400,45600,23000,19250,47310,142760,8500
3408,NJ,34,8,412186,13000,29600,43500,3500,12000,71833,32850,34600,35490,52510,130600,1500,52300,50800,86988,19450
3409,NJ,34,9,400309,1300,102729,34400,50350,35250,282236,109021,318327,12260,202314,198950,36450,60550,34250,221430,6750
3410,NJ,34,10,412506,5000,7250,28500,18500,22700,58350,19255,43300,4510,39192,111025,9000,18000,24205,25690,29750
3411,NJ,34,11,400142,3000,89435,24900,266281,75879,150707,61600,106800,37500,109405,3500,56650,64885,102200,121600,7000
3412,NJ,34,12,400184,9700,12350,55930,3950,9500,186300,63942,195625,97938,70949,72500,25900,5350,383702,187300,686311
3501,NM,35,1,412558,42500,32450,35210,19750,33200,126296,113550,274516,116228,209679,224000,13799,21949,111456,125938,50797
3502,NM,35,2,400313,166592,82400,24500,20000,396332,327625,134157,43650,71438,35700,1000,40700,71250,137915,367934,2000
3503,NM,35,3,412293,17750,24350,165607,25000,98350,93850,188550,138928,55608,98548,130500,14850,55700,50050,39020,119824
3601,NY,36,1,400031,19050,81650,97740,5000,31948,271559,85343,229175,1315469,106910,447296,39100,96398,167035,167224,2658641
3602,NY,36,2,400219,3000,51700,32550,54750,14000,339464,60650,84500,20563,97450,135500,22675,45100,72130,159610,9250
3603,NY,36,3,400195,20500,139000,140550,100500,113750,953942,333850,332760,111372,186194,291500,146600,99600,149310,605580,33611
3604,NY,36,4,400257,250,5500,9750,6000,6000,113850,5450,42350,16010,14675,24500,550,5250,37105,11950,37677
3605,NY,36,5,400271,14000,12000,62499,18500,23950,512733,94541,26600,21800,70529,51500,15000,35150,7425,48750,6500
3606,NY,36,6,412560,18900,44588,40650,5750,3000,144349,93915,77850,28808,44617,97100,27549,46700,42500,447563,875
3607,NY,36,7,400416,31200,65750,28200,4000,4500,164650,52250,46500,61176,82900,44500,5000,6500,12250,111100,170000
3608,NY,36,8,412561,12000,6750,156940,3000,7100,165109,73900,54100,56880,174400,155600,6850,17000,30150,137625,337383
3609,NY,36,9,412221,7500,12500,51450,32000,3000,70305,32760,33040,23010,20950,142215,9000,20600,16865,69720,9000
3610,NY,36,10,400289,7500,65500,178450,0,5700,169683,82950,22950,36161,154194,168320,3500,50250,51300,115050,1499
3611,NY,36,11,412451,27527,95575,45052,5000,51982,621876,128081,74293,2294737,87180,213000,15526,57950,45994,230311,1648047
3612,NY,36,12,400251,19000,41700,37211,12500,10650,589663,61859,60000,57310,95750,135850,19200,12971,64249,154650,12037
3613,NY,36,13,400333,21700,17500,36950,5000,18550,259613,85129,108800,129025,156049,120214,24988,28850,79076,169381,52954
3614,NY,36,14,400087,37000,60000,210555,56189,68075,1187441,241959,322549,56556,265667,183300,53650,100400,34260,287213,58537
3615,NY,36,15,400366,8500,0,6500,6000,0,24000,16800,1500,18010,10932,80500,0,4000,500,3500,11931
3616,NY,36,16,400122,27500,24600,81450,45000,28000,166695,63950,219132,161910,82400,87000,18900,25500,50600,160210,75120
3617,NY,36,17,400246,10500,20650,77300,83000,3600,439950,114320,204700,159441,191425,141500,43650,47400,251825,256225,89128
3618,NY,36,18,412562,53000,79650,209500,5200,28200,851550,224181,193045,564577,436698,299250,54283,90748,238500,458022,791321
3619,NY,36,19,412453,147300,145793,72265,116000,75475,602483,572177,186197,680795,160477,171750,36650,53659,182310,341069,161751
3620,NY,36,20,412319,15500,20500,73040,24500,53500,72400,31750,171998,17426,65710,167750,25250,29250,25450,64623,29967
3621,NY,36,21,412383,46800,-600,28350,44750,17700,105550,20174,55500,93300,45168,96000,12498,20000,34150,52877,89013
3622,NY,36,22,412454,8500,116490,25700,15500,20600,143041,66395,49500,223938,45497,71840,9350,102750,21350,119202,7000
3623,NY,36,23,412393,62151,160300,140242,62100,298032,1335510,357670,348060,357843,188010,28000,108441,97840,70467,298933,27514
3624,NY,36,24,412297,23750,30450,99675,112350,50700,420757,101359,426291,329722,290155,285500,27150,25000,92125,201150,1968820
3625,NY,36,25,400378,22250,21450,31100,81200,14500,104705,41510,77400,36065,49296,247500,35400,5000,44150,65607,93331
3626,NY,36,26,400641,0,26700,10600,20500,11000,84700,45060,67200,5560,94423,156000,29500,10600,21700,174946,3000
3627,NY,36,27,412563,61679,45550,18760,28500,59950,99050,123510,63700,60027,32000,19000,51499,39850,33450,145237,16369
3701,NC,37,1,400616,50750,4000,115254,26500,57250,60766,77547,162216,9010,55686,63000,26250,58000,22264,36598,36680
3702,NC,37,2,412457,128350,55780,117654,29500,122750,160250,139647,437103,168027,89800,14000,31250,59200,44585,103200,97953
3703,NC,37,3,400209,51150,10700,4500,43900,17550,73925,37900,72400,689586,39250,25750,14025,37500,62100,55200,9200
3704,NC,37,4,400326,30850,16250,33700,78000,9250,45750,34394,127101,24851,53372,120000,27750,30500,62722,35650,8100
3705,NC,37,5,400643,61350,40900,38150,3000,28200,133710,108650,201535,62851,70501,0,53350,62921,145800,149575,6200
3706,NC,37,6,400076,8500,1000,12500,1000,5000,8250,5500,8000,0,3250,2000,2000,21000,3600,2500,0
3707,NC,37,7,400266,94352,19099,20090,46498,37500,70000,64700,43050,84851,40578,75000,8250,13000,22650,27450,67567
3708,NC,37,8,412550,167291,49285,43850,46500,76050,264500,165648,94050,54498,85000,17500,46849,122550,45000,114962,6088
3709,NC,37,9,412551,19200,38000,35550,9500,50850,357050,71650,56376,49840,45325,0,40248,30550,104350,88350,5994
3710,NC,37,10,400644,46400,23100,59336,19500,47800,829200,125350,125000,31707,108542,3000,76005,51800,18150,127810,1500
3711,NC,37,11,412552,16600,29175,9250,2500,18000,76950,31550,40600,90854,8600,6000,14250,71081,47315,41742,33575
3712,NC,37,12,412607,0,0,0,0,0,0,0,0,0,0,0,0,0,0,0,0
3713,NC,37,13,412553,76927,57900,108500,12500,37750,222860,130956,130813,54400,147142,2500,24381,57800,81550,192100,14700
3800,ND,38,0,412555,209733,80500,30250,22000,302850,150900,65725,39850,160109,20950,4000,16655,38950,62300,258591,19000
3901,OH,39,1,400071,8500,38500,71550,20000,31050,149100,114550,47850,40818,50421,1000,71185,42000,48800,96800,16250
3902,OH,39,2,412564,3500,29950,26180,48225,43450,146861,81400,149428,41500,43765,5500,52999,55000,65654,124603,7412
3903,OH,39,3,412565,11900,14750,18400,9000,59100,294256,72687,78500,5510,67700,111100,12604,29500,21600,42415,35984
3904,OH,39,4,412226,51608,39350,58455,10250,62050,114550,61400,41429,35916,31950,0,63800,45350,24600,138500,500
3905,OH,39,5,412256,57950,42150,168300,10000,159975,97758,64317,140077,22475,45520,0,57600,50200,59100,121825,4000
3906,OH,39,6,412460,39550,110379,86457,20000,478912,183802,112850,222415,214895,63561,53500,133779,68350,33022,267507,80090
3907,OH,39,7,412463,154424,101250,41300,500,123050,82422,67410,20550,103581,35000,33500,58300,121600,23900,75711,14438
3908,OH,39,8,400036,689358,775758,577200,124101,1757612,3298321,1386734,1288432,948644,871582,101184,608579,648002,1269583,1623546,111704
3909,OH,39,9,400211,38500,53400,13450,58500,95200,61400,20250,33900,5409,56650,242850,49450,44000,30500,50400,38222
3910,OH,39,10,400411,6750,62850,34779,170675,38000,137225,86678,62150,35317,36750,69500,51450,26100,42200,156730,7475
3911,OH,39,11,412327,79286,7300,47600,15500,59950,118900,123400,70250,59656,55569,176100,11500,43250,25775,33575,12755
3912,OH,39,12,400406,61050,173925,93400,57200,195450,975978,283075,352850,47585,214082,73000,160155,174172,78915,248242,14213
3913,OH,39,13,400352,10000,36150,14500,44000,102400,71000,70750,75731,31700,72150,200100,62150,51250,28000,131950,1200
3914,OH,39,14,412566,48850,132800,55850,36250,139880,320458,146898,337510,376222,127642,191500,222215,82300,114200,357843,135142
3915,OH,39,15,412461,33650,86800,44200,26200,188200,1044512,180122,283010,105611,121300,48500,78005,81649,76261,272242,40817
3916,OH,39,16,412462,24750,82850,60200,23500,115449,571107,111796,215900,63235,91200,47500,148681,104867,58870,209787,33608
4001,OK,40,1,412567,4750,21750,15500,79000,74500,56650,22086,76015,55931,20953,2500,14200,22500,51450,105455,21550
4002,OK,40,2,412568,77900,92700,27340,0,160800,166724,149723,57200,85589,37750,4000,31050,113656,43300,153000,2500
4003,OK,40,3,400247,481449,6500,30850,18600,122417,347082,111762,23750,25665,56679,11000,20000,23000,11550,43350,4000
4004,OK,40,4,400077,61674,33800,22850,95000,155750,208900,237766,58975,38200,89498,11500,28998,61103,32450,131650,1500
4005,OK,40,5,412464,99315,184005,90850,39850,642957,432289,211848,321035,849312,149400,18500,67318,160925,341610,786753,16500
4101,OR,41,1,412501,37600,21100,54950,28000,13250,67578,48650,88450,39050,112400,180250,35350,42250,56350,55139,24659
4102,OR,41,2,400419,258309,85874,488107,46500,264800,471882,261556,426748,115601,190476,48500,59499,153791,136187,207576,89850
4103,OR,41,3,400033,10250,134500,36300,3000,26842,161625,95998,162113,47621,78297,174125,54875,106850,24000,54376,12575
4104,OR,41,4,400100,45185,101650,24050,5000,27750,24100,85850,19125,366595,63125,215000,6890,174050,60065,64045,70775
4105,OR,41,5,412315,252400,55950,74400,5750,45750,153733,121570,236732,62160,63395,159500,51400,49940,80790,67450,180664
4201,PA,42,1,400047,7000,47700,29500,10500,26525,59450,34000,18850,10,83100,208618,3600,28700,14450,103850,54599
4202,PA,42,2,400130,2000,4500,47250,43000,10500,34850,27200,42350,27510,76753,126160,3500,10500,3350,25770,249
4203,PA,42,3,412465,15598,43750,73900,21000,185050,304594,106778,197301,71591,75653,33500,112004,105875,74775,166849,3600
4204,PA,42,4,412569,13950,51650,20000,12000,64600,80550,43850,17700,42750,32750,5000,14950,85248,22450,70015,2263
4205,PA,42,5,412317,106936,65140,21125,2500,179330,125987,69403,148290,61181,45891,13500,40655,61900,88350,169601,4000
4206,PA,42,6,400147,11750,38500,50600,13000,64600,251999,80550,242624,30037,71441,17500,32949,33400,38150,24800,1000
4207,PA,42,7,412466,9740,109650,70974,30600,107400,397514,133400,209100,133743,200649,131000,69656,160450,27200,156375,12500
4208,PA,42,8,400646,10150,160095,91100,38160,84100,785749,162969,182714,893451,167258,63500,88750,69959,121987,452534,91930
4209,PA,42,9,409888,96650,604251,96250,106750,400788,266390,196382,80620,196197,316160,170000,123140,788118,49025,525614,8000
4210,PA,42,10,412468,17100,38450,115689,25000,73000,103071,76500,119650,41901,55850,11000,55650,72898,53924,87874,8000
4211,PA,42,11,412469,4193,122925,33200,1250,59700,143063,71644,63847,53008,54921,67000,31546,176250,47747,126925,10439
4212,PA,42,12,412570,13350,58283,67311,10600,252981,560432,106076,165250,231959,82201,0,112901,72975,110823,290152,59020
4213,PA,42,13,400647,2600,11500,20500,0,8500,88450,21450,131799,10500,72053,57000,20100,1000,30551,29310,6500
4214,PA,42,14,400114,12000,28250,110500,14200,133000,71750,37900,67750,10167,61932,185000,19000,35011,6250,48200,22800
4215,PA,42,15,400648,32742,89965,56250,31500,142049,176556,92111,288017,223998,94890,45500,143899,99200,112065,146475,84078
4216,PA,42,16,400320,45000,19750,72515,14000,119250,93550,78240,595515,33500,56025,2000,31600,39200,5710,44968,4000
4217,PA,42,17,412571,7400,23450,17550,25500,500,52400,28400,44350,28467,498240,212500,20554,10850,26420,213280,15459
4218,PA,42,18,400285,4882,98100,58250,13500,245400,198400,89242,362693,72000,120624,73500,119100,72150,36400,177134,6000
4401,RI,44,1,412470,11100,28450,90000,23750,9500,163300,107550,68450,58767,156750,128000,35600,28600,168400,206150,35272
4402,RI,44,2,400230,850,40700,47350,136000,8600,108350,34550,116779,59467,82475,173150,14650,9100,51900,107698,31000
4501,SC,45,1,400607,58200,71050,39950,7000,24600,430710,138059,61850,595930,54300,0,110600,110749,150050,217615,571118
4502,SC,45,2,400433,18750,60208,22000,146250,66550,129416,78450,91351,36935,58676,6000,45150,65950,42728,122331,7000
4503,SC,45,3,412472,40505,22100,19000,19500,69650,66875,34418,76700,41256,19500,1000,22905,36100,18850,61960,2000
4504,SC,45,4,412473,33950,21000,81700,15250,44000,146600,58450,42200,27618,36000,3000,39554,39200,15700,41650,247
4505,SC,45,5,412474,16500,47600,22500,9000,47200,522410,55101,51951,39959,47064,0,36896,50200,58400,119081,4000
4506,SC,45,6,400075,65500,93100,164500,67250,148750,398461,161888,298360,42390,169142,295500,46250,120600,24609,84659,19492
4507,SC,45,7,412572,71450,118750,22700,1250,67400,210713,64252,103100,36086,49807,2000,17500,120705,64650,156350,6000
4600,SD,46,0,412475,251748,72400,41300,70000,142800,352909,171500,147300,94673,83049,5000,43650,76200,207900,219647,7200
4701,TN,47,1,412310,2300,58350,250,2500,6500,34150,40850,121080,500,1250,0,10450,15350,28290,133879,826
4702,TN,47,2,400116,3500,70000,5500,10000,21750,28750,16250,31800,4518,45650,26000,8500,150000,5256,36150,0
4703,TN,47,3,412476,30250,146200,22600,49000,74900,230556,113300,165650,132039,67000,9000,54206,84250,62550,273179,33929
4704,TN,47,4,412477,16750,27750,5900,1000,4250,44199,43838,108440,138281,21590,0,31950,19750,51251,136014,9000
4705,TN,47,5,400081,6700,29900,19000,46500,8700,166150,65500,68900,21500,83100,33500,16700,34100,44850,66000,3500
4706,TN,47,6,412478,31150,93075,36500,30750,71125,285383,143900,298019,35262,53510,0,48299,56500,38850,93562,1200
4707,TN,47,7,400032,26000,50550,182300,38500,145100,208076,161828,521450,41986,96741,7000,61596,120350,39600,212384,5700
4708,TN,47,8,412479,356065,134450,16000,20000,48200,493244,98552,96850,27023,43335,16000,32700,71000,43133,208251,4839
4709,TN,47,9,412236,22000,6600,61000,250,2500,70382,49700,43950,48748,50050,158000,13300,75500,32350,61409,13600
4801,TX,48,1,400651,33664,25750,27550,4000,57250,122938,48350,70350,92881,18550,0,7250,18100,78000,114250,3841
4802,TX,48,2,400652,35514,88550,56600,15000,99100,111580,77950,75779,11492,54144,15000,14100,57850,29450,121592,2000
4803,TX,48,3,400206,19682,36300,32125,41313,52550,258379,59340,123950,13542,37150,500,23455,66100,54750,80136,1369
4804,TX,48,4,400165,52726,17900,27600,47500,76950,108337,38350,74300,290309,76569,0,19000,45400,42050,80400,65000
4805,TX,48,5,400175,33700,77250,64200,31000,108400,1629586,177650,85103,28743,173799,6000,21000,102200,107880,325055,1726
4806,TX,48,6,400018,8000,51300,86800,29600,263250,89476,97550,98000,14639,44450,1500,43805,54000,19850,45700,11000
4807,TX,48,7,400089,9064,29950,31100,53100,93550,115000,44350,18300,4792,32050,10500,34000,58748,69500,71850,20510
4808,TX,48,8,400046,55632,81250,75630,44600,367450,508646,182150,674316,91051,154000,1000,77100,75250,11600,82599,258608
4809,TX,48,9,400653,2000,16350,11600,2000,10000,95825,12200,11200,3010,96518,87000,5100,10050,22350,109208,5600
4810,TX,48,10,400654,46914,44450,116051,124250,141150,284384,152466,51091,27242,104831,16000,66561,155263,79850,135726,2810
4811,TX,48,11,400655,570332,40550,34780,67500,305036,312000,107510,67650,37840,84363,3000,21800,43249,65700,186305,6500
4812,TX,48,12,400157,35264,47950,21550,191850,107700,221680,62260,69760,51750,91293,5000,52650,93100,76500,122730,1586
4813,TX,48,13,400404,173482,36000,82265,329350,125200,150625,68875,58375,59281,103110,2500,28000,60783,122450,137700,6000
4814,TX,48,14,412574,17514,69448,29900,10500,120300,118650,62697,37450,28917,27317,250,76381,50064,30967,109699,14091
4815,TX,48,15,400179,26500,2000,40500,9000,22500,104010,62511,93200,1000,17850,74000,10000,25000,6700,10800,31450
4816,TX,48,16,412575,13500,30300,15400,6200,22700,82750,34350,37140,16010,17150,65000,900,20700,9800,60750,9600
4817,TX,48,17,412480,69164,53650,35290,23000,273688,166890,77200,169404,37192,50450,3000,37450,72398,77741,71600,1350
4818,TX,48,18,400199,1000,11700,13500,4000,18000,48396,49800,82150,10,18650,90500,6000,12975,21100,56000,3500
4819,TX,48,19,400441,167932,57400,22000,17000,125450,843613,43210,44500,13792,61950,1000,13155,46150,32600,124599,5000
4820,TX,48,20,412576,21764,29400,74985,62500,72150,166237,112271,93600,36881,167500,61500,4500,64750,29500,153106,31233
4821,TX,48,21,400381,40932,92950,174140,72998,116050,219163,112300,98450,19492,89950,5000,33550,120050,83000,87670,7410
4822,TX,48,22,412302,16264,49950,64500,31000,319699,174400,87523,200150,16542,75360,1000,79599,86848,47450,198150,3475
4823,TX,48,23,412577,130664,41000,88360,59000,79500,230147,195980,175318,1431337,217848,186000,8908,78799,46505,319212,1232835
4824,TX,48,24,400656,35814,27500,24500,29500,81815,302102,66000,44000,8642,26950,2000,22700,55498,3050,15518,6447
4825,TX,48,25,412578,51864,90300,33050,17750,239512,362398,118573,72080,41177,109125,12250,58869,267180,109950,247636,23500
4826,TX,48,26,400052,8250,16800,49250,25250,100650,97000,25000,610278,30348,57375,1000,24055,35500,20400,40599,6500
4827,TX,48,27,412482,64214,75050,80350,3000,113025,131600,66999,76298,30042,43808,12500,10750,125000,60160,157700,16167
4828,TX,48,28,400657,106564,93750,53450,61750,178950,133150,188200,122350,25100,72608,50500,24750,92075,25950,207845,22603
4829,TX,48,29,400160,4000,23600,78250,7500,162800,53450,35650,224290,0,55250,158300,61800,74199,6200,18750,12350
4830,TX,48,30,400204,7750,28700,22250,12000,18570,25620,52382,41300,21710,43452,134000,7500,93000,10550,63950,13200
4831,TX,48,31,400068,48564,85800,44500,98000,65249,122050,89773,53315,21142,79550,6000,14999,115250,38900,99400,20334
4832,TX,48,32,400367,68632,67100,130850,49000,186950,941809,216299,393052,117202,141345,8500,56505,172350,83600,169950,390679
4833,TX,48,33,412579,12550,27380,40900,86999,62250,174713,113432,127386,104928,180488,212100,12450,60100,54400,134585,31355
4834,TX,48,34,412580,77350,60814,45300,13000,42000,54850,45450,66543,24654,95050,103000,13999,22000,15556,133725,41205
4835,TX,48,35,400111,750,18400,29650,3000,17150,90200,45750,108100,22110,179350,173000,4100,10250,116100,113900,25579
4836,TX,48,36,410396,9000,39900,9500,9000,24950,30750,28200,17200,1167651,24050,2500,7600,11250,3000,56460,30416
4901,UT,49,1,400029,26599,14500,7000,89000,152499,35850,46750,18500,49450,43048,10000,9750,21500,1000,35600,0
4902,UT,49,2,412581,13500,31950,34000,57774,111150,119400,24200,78300,45000,38817,11000,13226,26600,10050,103750,10500
4903,UT,49,3,412270,15350,15000,133288,30000,62600,150593,126400,112264,35747,72146,15500,29499,44098,10600,106704,17500
4904,UT,49,4,400255,25750,18000,69590,16000,100500,150100,61500,283855,73700,34900,26000,13098,30500,3750,4175,91875
5000,VT,50,0,412239,48500,32705,125850,22000,74650,116460,104394,160250,29460,57105,111500,34750,20500,56226,83019,17338
5101,VA,51,1,412255,45850,43350,32100,221536,36650,117016,66200,70225,30039,36393,50500,8500,75150,101050,137274,9138
5102,VA,51,2,412483,9600,71550,50366,116700,61832,201831,111650,274389,128401,27550,15000,4000,152911,133269,234159,34012
5103,VA,51,3,400364,6000,2500,33750,21000,19250,63300,42500,30650,6200,50750,133750,4000,14000,17950,21300,2500
5104,VA,51,4,400137,30850,75864,58580,200606,38600,177647,59100,50121,25098,67242,21500,31850,88300,100070,237987,6000
5105,VA,51,5,412484,39925,22700,23250,31800,65613,464499,56977,69700,52891,58638,2500,10805,36650,82902,125080,5327
5106,VA,51,6,400154,151011,38790,524945,30500,81750,212550,284463,93900,48817,223656,13000,47554,147700,80000,148697,66970
5107,VA,51,7,412605,21748,37041,16550,4200,29200,117640,34745,41651,268657,24000,0,11400,16200,210049,178991,48875
5108,VA,51,8,400283,2500,19408,63386,144229,16000,44700,31800,18000,24906,90610,85700,20800,50982,32246,46575,2000
5109,VA,51,9,412485,36951,22000,67280,33000,166400,41883,49443,124670,27104,50303,1000,53650,39000,56308,46100,9000
5110,VA,51,10,400435,2600,12000,13500,24000,4000,10050,5750,1900,200,20500,25500,1500,17300,18000,7650,200
5111,VA,51,11,412272,22000,81050,186621,142980,24400,181200,114673,100350,78031,112367,249300,19000,45200,116703,163947,77730
5301,WA,53,1,412505,88650,9500,279935,28000,50849,178967,199128,114475,366806,128250,244000,22498,32100,180675,148364,208313
5302,WA,53,2,400232,27000,56250,51250,71000,54150,87000,52550,63109,14331,50499,155500,14000,211765,32406,43830,4255
5303,WA,53,3,412486,74433,73100,44510,34400,42861,226350,97850,57350,180169,35050,17000,40390,102300,135075,171078,35500
5304,WA,53,4,400171,57550,22750,28000,13000,88200,11800,40700,5700,8250,28050,0,1500,15000,21008,34860,500
5305,WA,53,5,400659,179632,83460,154000,50500,184040,460038,235290,327238,133737,106845,4000,46399,126300,116061,182470,68144
5306,WA,53,6,412583,36450,39350,96250,95250,31425,210711,170254,140230,111782,117074,216100,13700,80360,161150,216339,64601
5307,WA,53,7,400262,14500,750,5200,1000,13500,62750,30350,160250,15783,23850,140750,6000,11450,35243,9425,3439
5308,WA,53,8,400660,47274,78200,50800,49550,39400,258439,119149,121500,57150,37750,57500,30999,62758,114613,87846,236
5309,WA,53,9,400379,11250,21550,101400,213200,22099,114350,58198,66811,38155,95378,119000,26000,73100,19079,49254,9627
5310,WA,53,10,412584,22850,28750,78210,36400,30849,436281,123163,116988,66350,158255,200950,22999,30510,124065,163671,48028
5401,WV,54,1,412487,13100,117850,42700,29250,353300,85250,34350,219965,55509,69320,154500,70655,43000,35800,158000,7700
5402,WV,54,2,400061,133650,335033,138250,6550,753815,1402346,593099,485309,909513,454487,79500,173400,286999,500536,654806,301078
5403,WV,54,3,400331,52916,208750,50450,18500,117650,115300,112750,101050,2445768,229488,405437,46400,319418,65350,181425,3259233
5501,WI,55,1,400351,97775,259310,233190,77150,413124,1628556,462685,749101,338782,288149,34500,299300,218311,848515,677864,50426
5502,WI,55,2,412585,24700,7500,23453,0,26850,114622,42114,90172,35057,54717,251707,18550,37250,39670,48196,33538
5503,WI,55,3,400218,35850,42000,114150,32000,81990,504227,180161,495250,38055,152705,73747,80950,45200,41200,76922,43534
5504,WI,55,4,400661,3500,10250,12000,18100,14350,425600,71550,42300,73341,33804,152257,5000,14250,30000,23675,36629
5505,WI,55,5,400365,1500,10500,83250,4000,11500,50300,17881,22350,16018,39830,2000,18144,17750,28948,20470,450
5506,WI,55,6,400318,5500,51000,7750,9500,6250,24000,10750,11350,20000,29802,54500,11750,93250,9200,6750,500
5507,WI,55,7,412488,101050,88100,56600,15000,73000,744054,158327,183639,175607,63083,28500,104854,79700,153775,239943,65055
5508,WI,55,8,412489,186100,117300,40800,1000,81600,165272,157985,145639,104686,33575,18500,49696,160839,144240,208457,16076
5600,WY,56,0,412294,42250,5000,10250,6000,133800,46600,29000,17600,32448,17000,0,18000,17250,11851,15275,1200
